<?xml version="1.0" encoding="UTF-8"?>
<addon id="repository.joeysacousticcorner"
       name="Joey's Acoustic Corner Repo"
       version="1.0.0"
       provider-name="Joey">
  <extension point="xbmc.addon.repository"
             name="Joey's Acoustic Corner Repo">
    <info compressed="false">https://mellifluous-tanuki-51d911.netlify.app/kodi/addons.xml</info>
    <checksum>https://mellifluous-tanuki-51d911.netlify.app/kodi/addons.xml.md5</checksum>
    <datadir zip="true">https://mellifluous-tanuki-51d911.netlify.app/kodi/</datadir>
  </extension>

  <extension point="xbmc.addon.metadata">
    <summary>Joey's Kodi Repository</summary>
    <description>Official repo for Joey's Acoustic Corner add-ons.</description>
    <platform>all</platform>
    <assets>
      <icon>icon.png</icon>
      <fanart>fanart.jpg</fanart>
    </assets>
  </extension>
</addon>
