<addons>
<addon id="repository.joeysacousticcorner"
       name="Joey’s Acoustic Corner Repo"
       version="1.0.0"
       provider-name="Joey">
  <extension point="xbmc.addon.repository"
             name="Joey’s Acoustic Corner Repo">
    <info>https://mellifluous-tanuki-51d911.netlify.app/kodi/addons.xml</info>
    <checksum>https://mellifluous-tanuki-51d911.netlify.app/kodi/addons.xml.md5</checksum>
    <datadir zip="true">https://mellifluous-tanuki-51d911.netlify.app/kodi/zips</datadir>
  </extension>

  <extension point="xbmc.addon.metadata">
    <summary>Repo for Joey’s Acoustic Corner Kodi add-on</summary>
    <description>Installs and updates plugin.video.joeysacousticcorner from your hosted repo.</description>
    <platform>all</platform>
  </extension>
</addon>
<addon id="plugin.video.joeysacousticcorner"
       name="Joey’s Acoustic Corner"
       version="1.0.6"
       provider-name="Joey">

  <requires>
    <import addon="xbmc.python" version="3.0.0"/>
  </requires>

  <extension point="xbmc.python.pluginsource" library="default.py">
    <provides>video</provides>
  </extension>

  <extension point="xbmc.addon.metadata">
    <summary>Stripped &amp; unplugged sessions — handpicked only.</summary>
    <description>Full sessions, queues, and playlists pulled from your Netlify episodes.json.</description>
    <platform>all</platform>
  </extension>

</addon>
</addons>
